method,dataset,count,missing,skipped,lmse,ncc,psnr,ssim
dsrnet,ceilnet_table2,100,0,0,0.00344816753795843,0.9870990045812822,29.079551334083572,0.9542673087431952
dsrnet,real20,20,0,0,0.024176617246392546,0.850590659099802,21.319843754802996,0.7770048701242911
dsrnet,objects,200,0,0,0.0031139300885482724,0.9845684138886535,24.48985036148636,0.8973258234601144
dsrnet,postcard,179,0,0,0.0034635275094587474,0.9608912530619786,20.030131262095466,0.8959606204863577
dsrnet,wild,101,0,0,0.0036679917588717703,0.9600852859024029,25.255655573192435,0.9167108035346662
