method,dataset,count,missing,skipped,lmse,ncc,psnr,ssim
dsrnet,ceilnet_table2,100,0,0,0.0037895334061491333,0.9858819542432077,28.341868712012435,0.9478857900197553
dsrnet,real20,20,0,0,0.02312204576689951,0.8683289615564111,22.22203713159461,0.7902645391187975
dsrnet,objects,200,0,0,0.0023669988831825717,0.9850898724482019,25.678570101542913,0.9118544079104689
dsrnet,postcard,179,0,0,0.0031230284859306953,0.9642729034019294,21.47708881272494,0.9050431089869744
dsrnet,wild,101,0,0,0.003943232911831341,0.9607959884345957,25.856861035949184,0.9155859562494526
