split,count,metrics_txt_psnr,metrics_txt_ssim,psnr,ssim,ncc,lmse
postcard,199,24.884048049491614,0.9101891600297881,24.84965263499118,0.909474677407527,0.965572238427851,0.002821257627562201
real20,20,23.882054294541685,0.8160850242672112,23.90338318101832,0.8174230427870015,0.8995118201250252,0.019716660406703314
solidobject,200,26.44047541913234,0.9215475260099021,26.436490435188034,0.9215397536182715,0.987375785402864,0.0023835692883682606
wild,55,24.770931736298138,0.897525185437917,24.711315058936933,0.8969886901107768,0.9318807460632332,0.007172819917938357
