method,dataset,count,missing,skipped,lmse,ncc,psnr,ssim
errnet,ceilnet_table2,100,0,0,0.00476987253109805,0.9781594418522443,27.173477386166123,0.9376843095923546
errnet,real20,20,0,0,0.027009249789207983,0.8756318596051589,22.642132774217192,0.7988573500507877
errnet,objects,200,0,0,0.003185387655831381,0.9830863259132208,24.837245484138013,0.8967496694968241
errnet,postcard,179,0,0,0.007762290046659008,0.9034085372908961,20.560093982176955,0.8379197145315954
errnet,wild,101,0,0,0.0078766597085659,0.9373553755097109,23.45617827715436,0.8722839810512272
