method,dataset,count,missing,skipped,lmse,ncc,psnr,ssim
dsrnet,ceilnet_table2,100,0,0,0.0034022497834607086,0.9873927466143989,29.207888346445497,0.954787422728557
dsrnet,real20,20,0,0,0.02502443183930004,0.8431378778374163,21.369193266412662,0.7732708559293728
dsrnet,objects,200,0,0,0.003062936450861346,0.9846440787124396,24.54567882726308,0.8986928397329743
dsrnet,postcard,179,0,0,0.003278977981385706,0.9603924308478872,20.80094291924096,0.9039387156938532
dsrnet,wild,101,0,0,0.0036915566079993027,0.9610868669168539,25.472959528757443,0.9180746337590623
