method,dataset,count,missing,skipped,lmse,ncc,psnr,ssim
dsrnet,ceilnet_table2,100,0,0,0.0060767442034531174,0.9727903653757705,25.44442502214901,0.9195123436197998
dsrnet,real20,20,0,0,0.022701587824028348,0.8775726051749574,22.515048325246212,0.7788829434224861
dsrnet,objects,200,0,0,0.002383580000815056,0.9873757548463675,26.28523265626798,0.9215393658205645
dsrnet,postcard,179,0,0,0.002753910485318668,0.9663154145175176,24.723759776893882,0.9118885565996958
dsrnet,wild,101,0,0,0.004927866235332339,0.951592528120487,25.808938826505933,0.9178059935182471
