split,count,metrics_txt_psnr,metrics_txt_ssim,psnr,ssim,ncc,lmse
ceilnet_table2,100,,,27.81870720564245,0.9396226764106136,0.9807830048382246,0.0049120671277375245
objects,200,,,24.929422026545616,0.8985741980077887,0.9817033652963051,0.002900010322199635
postcard,179,,,22.039649884275857,0.8763836453955609,0.9462574236286938,0.004417041378520142
real20,20,,,23.52692990996209,0.8266178193133342,0.8877163512405964,0.020232330234938294
wild,101,,,25.182464890295602,0.8817951601580084,0.9358464721770584,0.008741600070882977
