method,dataset,count,missing,skipped,lmse,ncc,psnr,ssim
dsrnet,ceilnet_table2,100,0,0,0.0034859460457992656,0.9873277468560983,29.00199810924757,0.9535124737462267
dsrnet,real20,20,0,0,0.024002537840065844,0.8571257649913931,21.50637394596395,0.7798308220502586
dsrnet,objects,200,0,0,0.003064829218062023,0.9848093799806186,24.59272391398464,0.898870399549882
dsrnet,postcard,179,0,0,0.003432454271868049,0.9611013594013761,20.101207739177458,0.8975692161996057
dsrnet,wild,101,0,0,0.00366195863688278,0.9605815725547202,25.474160542300638,0.9194385338777258
